1201,4850,fee rembrusment
1202,99850,counselling
1203,150000,Management
1204,4850,fee rembrusment
1205,4850,fee rembrusment
1206,4850,fee rembrusment
1207,99850,counselling
1208,4850,fee rembrusment
1209,99850,counselling
1210,4850,fee rembrusment
1212,150000,Management
1214,99850,counselling
1215,4850,fee rembrusment
1216,4850,fee rembrusment
1217,99850,counselling
1218,150000,Management
1219,4850,fee rembrusment
1220,4850,fee rembrusment
1221,4850,fee rembrusment
1222,99850,counselling
1223,150000,Management
1224,4850,fee rembrusment
1225,4850,fee rembrusment
1226,4850,fee rembrusment
1227,99850,counselling
1228,4850,fee rembrusment
1229,4850,fee rembrusment
1230,4850,fee rembrusment
1231,150000,Management
1232,99850,counselling
1234,4850,fee rembrusment
1235,99850,counselling
1236,150000,Management
1237,4850,fee rembrusment
1238,99850,counselling
1239,4850,fee rembrusment
1240,4850,fee rembrusment
1241,99850,counselling
1242,4850,fee rembrusment
1243,150000,Management
1244,4850,fee rembrusment
1245,4850,fee rembrusment
1246,4850,fee rembrusment
1247,4850,fee rembrusment
1248,4850,fee rembrusment
1249,99850,counselling
1250,4850,fee rembrusment
1251,150000,Management
1252,99850,counselling
1253,4850,fee rembrusment
1254,4850,fee rembrusment
1255,99850,counselling
1256,99850,counselling
1257,150000,Management
1258,4850,fee rembrusment
1259,4850,fee rembrusment
1260,4850,fee rembrusment
1261,4850,fee rembrusment
1262,4850,fee rembrusment
1263,4850,fee rembrusment
1264,4850,fee rembrusment
1265,4850,fee rembrusment
1266,4850,fee rembrusment
1267,99850,counselling
1268,99850,counselling
1269,4850,fee rembrusment
1270,4850,fee rembrusment
1271,4850,fee rembrusment
1272,150000,Management
1273,4850,fee rembrusment
1274,99850,counselling
1275,4850,fee rembrusment
1276,4850,fee rembrusment
1277,150000,Management
1278,4850,fee rembrusment
1279,99850,counselling
1280,4850,fee rembrusment
1281,4850,fee rembrusment
1282,99850,counselling
1283,150000,Management
1284,99850,counselling
1285,150000,Management
1286,4850,fee rembrusment
1287,4850,fee rembrusment
1288,4850,fee rembrusment
1289,99850,counselling
1290,150000,Management
1291,4850,fee rembrusment
1292,4850,fee rembrusment
1293,4850,fee rembrusment
1294,150000,Management
1295,150000,Management
1296,150000,Management
1297,4850,fee rembrusment
1298,4850,fee rembrusment
1299,99850,counselling
12A0,4850,fee rembrusment
12A1,4850,fee rembrusment
12A2,99850,counselling
12A3,4850,fee rembrusment
12A4,4850,fee rembrusment
12A5,4850,fee rembrusment
12A6,4850,fee rembrusment
12A7,99850,counselling
12A8,99850,counselling
12A9,4850,fee rembrusment
12B0,4850,fee rembrusment
12B1,4850,fee rembrusment
12B2,99850,counselling
12B3,99850,fee rembrusment
12B4,150000,Management
12B5,4850,fee rembrusment
12B6,4850,fee rembrusment
